update,loss,policy_loss,value_loss,entropy,intent_loss,intent_acc,train_avg_reward,eval_success_rate,eval_collision_rate,eval_timeout_rate,eval_avg_steps,eval_avg_distance,eval_intent_acc
1,2.0956543684005737,-0.0012977503259534728,4.194904804229736,0.5003388449549675,0.0,0.0,0.24351276457309723,0.4,0.0,0.6,175.0,49799.98051757812,nan
2,1.7404115796089172,-0.0013770762986204943,3.484753966331482,0.5883459448814392,0.0,0.0,0.2588006556034088,,,,,,
3,2.022581934928894,-0.0006610827282811371,4.047746419906616,0.630277618765831,0.0,0.0,0.30462661385536194,,,,,,
4,1.7856168448925018,-0.00017681461637586438,3.5726267099380493,0.5197269767522812,0.0,0.0,0.24607472121715546,,,,,,
5,1.9958375096321106,-0.0004566732338089352,3.9938738346099854,0.6428318917751312,0.0,0.0,0.28674954175949097,,,,,,
6,1.4200746715068817,-0.00030236474473577246,2.841770887374878,0.5083988159894943,0.0,0.0,0.2002275437116623,,,,,,
7,1.573253333568573,-0.0003733623961275079,3.148304045200348,0.5253471881151199,0.0,0.0,0.17536289989948273,,,,,,
8,1.2284222543239594,-7.627632809692475e-05,2.45794415473938,0.4735585153102875,0.0,0.0,0.12175747007131577,,,,,,
9,1.3159837424755096,-0.0006195688353424211,2.6342077255249023,0.5005742311477661,0.0,0.0,0.12938527762889862,,,,,,
10,1.262118399143219,-0.0005023813064326532,2.526250898838043,0.5046923011541367,0.0,0.0,0.12761691212654114,0.0,0.0,1.0,260.0,81209.2484375,nan
11,1.2550834119319916,-0.0006848365737823769,2.5125743746757507,0.5189252197742462,0.0,0.0,0.09902731329202652,,,,,,
12,1.7868501543998718,-0.0009492548900498221,3.5767449140548706,0.573035255074501,0.0,0.0,0.19532930850982666,,,,,,
13,1.1604086458683014,-0.00023391843327136286,2.3222638368606567,0.48935744911432266,0.0,0.0,0.11384594440460205,,,,,,
14,1.67652228474617,-0.0003679855775164942,3.3548407554626465,0.5301380604505539,0.0,0.0,0.18108220398426056,,,,,,
15,1.5891229510307312,-8.479893798107874e-05,3.179348945617676,0.46672388911247253,0.0,0.0,0.17525194585323334,,,,,,
16,1.58103746175766,-0.0005532233020253408,3.1642486453056335,0.5336193889379501,0.0,0.0,0.22633351385593414,,,,,,
17,1.6833215355873108,-0.00022855850390257615,3.3683276176452637,0.6136905997991562,0.0,0.0,0.29673126339912415,,,,,,
18,1.5585961043834686,-0.0012024722091155127,3.120652198791504,0.5275581181049347,0.0,0.0,0.2458985298871994,,,,,,
19,1.715054988861084,0.0005363071444079992,3.4301917552948,0.5772015452384949,0.0,0.0,0.2804622948169708,,,,,,
20,1.4913312494754791,-0.0001959440214704955,2.984013020992279,0.47933100908994675,0.0,0.0,0.2734218239784241,0.8,0.0,0.2,89.0,20214.99384765625,nan
21,1.713846892118454,-1.3002809282625094e-06,3.428841710090637,0.5726761072874069,0.0,0.0,0.2762546241283417,,,,,,
22,1.4299765229225159,-0.00041522534835714,2.8619155883789062,0.5660450458526611,0.0,0.0,0.221400186419487,,,,,,
23,1.472426950931549,-0.0005397705802656638,2.9468538761138916,0.4602738544344902,0.0,0.0,0.1566181182861328,,,,,,
24,1.645436942577362,-0.0002329006432169045,3.292464554309845,0.5624275207519531,0.0,0.0,0.1864480972290039,,,,,,
25,1.2864139080047607,-0.0003115537868634277,2.574535071849823,0.5420810282230377,0.0,0.0,0.21500273048877716,,,,,,
26,1.5949355363845825,-0.0002043102892148596,3.191425144672394,0.5727129727602005,0.0,0.0,0.2866584062576294,,,,,,
27,1.7007497251033783,-0.0011210967786610126,3.4049630165100098,0.6107183545827866,0.0,0.0,0.2800055742263794,,,,,,
28,1.4089587032794952,-0.0013171207974664867,2.821650207042694,0.5492655485868454,0.0,0.0,0.24955008924007416,,,,,,
29,1.517531394958496,-0.0006307024377747439,3.037513017654419,0.5943410992622375,0.0,0.0,0.2869349718093872,,,,,,
30,1.520701915025711,-0.00038468503529287545,3.0433446764945984,0.585731029510498,0.0,0.0,0.26322874426841736,0.8,0.0,0.2,88.4,20702.34267578125,nan
31,1.4882991015911102,-6.42274988722491e-05,2.977825343608856,0.5493537932634354,0.0,0.0,0.28364434838294983,,,,,,
32,1.4622644484043121,-9.225809659105244e-05,2.92582768201828,0.557108461856842,0.0,0.0,0.26732659339904785,,,,,,
33,1.5098640024662018,-0.0016477884346386418,3.024238407611847,0.6074218153953552,0.0,0.0,0.2787495255470276,,,,,,
34,1.2631973028182983,0.00010150670823350083,2.527294158935547,0.5512730181217194,0.0,0.0,0.21566255390644073,,,,,,
35,1.2358119785785675,-0.0004297757835350635,2.473592162132263,0.5543476790189743,0.0,0.0,0.1704496145248413,,,,,,
36,1.2640665471553802,-0.0001701882210909389,2.529596507549286,0.5615369230508804,0.0,0.0,0.16605786979198456,,,,,,
37,1.309971183538437,-0.001101704954635352,2.6233930587768555,0.623633623123169,0.0,0.0,0.23699812591075897,,,,,,
38,1.3669889867305756,-0.0003151718259077896,2.7359118461608887,0.6517739593982697,0.0,0.0,0.2721732556819916,,,,,,
39,1.292514830827713,-2.969514268125195e-05,2.586284339427948,0.5976521968841553,0.0,0.0,0.2629266083240509,,,,,,
40,1.395647019147873,-0.0003399584663075217,2.7930389046669006,0.5324728339910507,0.0,0.0,0.29168447852134705,1.0,0.0,0.0,44.8,5597.0009765625,nan
41,1.2666427195072174,-0.0002440949889814803,2.534850537776947,0.5384309887886047,0.0,0.0,0.2545943558216095,,,,,,
42,1.3832329213619232,3.801705558359458e-05,2.767512083053589,0.5611573159694672,0.0,0.0,0.2701511085033417,,,,,,
43,1.2566499412059784,-0.0005559968764536904,2.515585243701935,0.5866658985614777,0.0,0.0,0.27227720618247986,,,,,,
44,1.330471932888031,-0.0004174989929488504,2.663070857524872,0.6460061073303223,0.0,0.0,0.2812786400318146,,,,,,
45,1.4324158728122711,-0.00010673329355270766,2.8661587238311768,0.5567088574171066,0.0,0.0,0.27173319458961487,,,,,,
46,1.256323903799057,-0.00015270632654074134,2.5140931606292725,0.5699833184480667,0.0,0.0,0.2605825960636139,,,,,,
47,1.4101722836494446,-0.000530672243864494,2.8227014541625977,0.6478215306997299,0.0,0.0,0.27460578083992004,,,,,,
48,1.191613793373108,-8.794013532087419e-05,2.3843966722488403,0.4965590536594391,0.0,0.0,0.1865343600511551,,,,,,
49,1.0966169834136963,-0.00035873334976077587,2.19484680891037,0.4477040469646454,0.0,0.0,0.17406879365444183,,,,,,
50,1.1493675410747528,6.949800687516827e-05,2.2997085452079773,0.5562039613723755,0.0,0.0,0.1895739585161209,0.8,0.0,0.2,88.4,20519.4017578125,nan
51,1.3027501106262207,-0.0002550897243054351,2.6070961952209473,0.5428963899612427,0.0,0.0,0.25653138756752014,,,,,,
52,1.1338731944561005,-0.0009869083781572918,2.2707555890083313,0.5176897943019867,0.0,0.0,0.2592332065105438,,,,,,
53,1.099252849817276,0.00011783613081206568,2.1995494961738586,0.6397295743227005,0.0,0.0,0.24949447810649872,,,,,,
54,1.0009649097919464,-0.0003934393183349094,2.0036895275115967,0.48646068572998047,0.0,0.0,0.16746221482753754,,,,,,
55,1.1769973039627075,-0.0003237621804146329,2.3556419610977173,0.4999038204550743,0.0,0.0,0.16823218762874603,,,,,,
56,1.1693191230297089,-0.000692098537304453,2.341125249862671,0.5513420104980469,0.0,0.0,0.19309301674365997,,,,,,
57,1.14720818400383,-0.0004629511337643777,2.296458065509796,0.5578869581222534,0.0,0.0,0.2564522922039032,,,,,,
58,1.1627528965473175,-0.00041586967927287333,2.327640652656555,0.6515365242958069,0.0,0.0,0.23223347961902618,,,,,,
59,0.9576446115970612,-0.0005977425219798604,1.917546421289444,0.5308713912963867,0.0,0.0,0.10635614395141602,,,,,,
60,1.0071970522403717,-0.0007100237829338885,2.016761898994446,0.4738912358880043,0.0,0.0,0.07187257707118988,0.6,0.0,0.4,132.0,35264.69155273437,nan
