method,checkpoint,policy_source,seed,episode,episodes,target_policy,communication_range_scale,communication_dropout_prob,message_delay_steps,radar_dropout_prob,failed_blue_agent,node_failure_start_step,node_failure_duration_steps,graph_relation_ablation,graph_message_ablation,graph_input_ablation,deterministic,success,chain_closed,attack_window_formed,attack_window_rate,tracking_rate,comm_connectivity,mean_message_age,collision,timeout,constraint_violation,steps,first_attack_window_step,first_chain_close_step,post_failure_chain_recovered,post_failure_chain_recovery_steps,chain_closed_during_failure_rate,tracking_during_failure_rate,connectivity_during_failure,avg_mean_range,final_mean_range,reward_sum
EA-RG-MAPPO-S,results/intercept_3d_no_graph_source_curriculum/runs/no_graph/bc_ppo_seed2/actor_critic_best.pt,checkpoint,612000,0,50,straight,1.0,0.0,0,0.0,1,40,80,none,none,none,True,0.0,0.0,0.0,0.0,0.032051283006484695,0.30000000435572405,68.25384561121464,0.0,1.0,0.0,260.0,-1.0,-1.0,0.0,220.0,0.0,0.0,0.06666666828095913,21133.341408128006,31779.439453125,-4.852600798010826
EA-RG-MAPPO-S,results/intercept_3d_no_graph_source_curriculum/runs/no_graph/bc_ppo_seed2/actor_critic_best.pt,checkpoint,612001,1,50,straight,1.0,0.0,0,0.0,1,40,80,none,none,none,True,0.0,0.0,0.0,0.0,0.030769231686225303,0.3128205175583179,67.81153835906433,0.0,1.0,0.0,260.0,-1.0,-1.0,0.0,220.0,0.0,0.00416666679084301,0.06666666828095913,21173.979310021034,31797.068359375,-4.338637936860323
EA-RG-MAPPO-S,results/intercept_3d_no_graph_source_curriculum/runs/no_graph/bc_ppo_seed2/actor_critic_best.pt,checkpoint,612002,2,50,straight,1.0,0.0,0,0.0,1,40,80,none,none,none,True,0.0,0.0,0.0,0.0,0.03333333432674408,0.29487179907468647,68.46666698478735,0.0,1.0,0.0,260.0,-1.0,-1.0,0.0,220.0,0.0,0.00416666679084301,0.06666666828095913,20818.573067533052,30601.041015625,-4.083616029471159
EA-RG-MAPPO-S,results/intercept_3d_no_graph_source_curriculum/runs/no_graph/bc_ppo_seed2/actor_critic_best.pt,checkpoint,612003,3,50,straight,1.0,0.0,0,0.0,1,40,80,none,none,none,True,0.0,0.0,0.0,0.0,0.030769231686225303,0.3243589794406524,67.52307679125896,0.0,1.0,0.0,260.0,-1.0,-1.0,0.0,220.0,0.0,0.0,0.06666666828095913,21722.0325777494,33910.42578125,-5.094834115356207
EA-RG-MAPPO-S,results/intercept_3d_no_graph_source_curriculum/runs/no_graph/bc_ppo_seed2/actor_critic_best.pt,checkpoint,612004,4,50,straight,1.0,0.0,0,0.0,1,40,80,none,none,none,True,0.0,0.0,0.0,0.0,0.03333333432674408,0.3038461583165022,68.10769176506079,0.0,1.0,0.0,260.0,-1.0,-1.0,0.0,220.0,0.0,0.0,0.06666666828095913,21226.826079852763,31461.166015625,-4.2217384576797485
EA-RG-MAPPO-S,results/intercept_3d_no_graph_source_curriculum/runs/no_graph/bc_ppo_seed2/actor_critic_best.pt,checkpoint,612005,5,50,straight,1.0,0.0,0,0.0,1,40,80,none,none,none,True,0.0,0.0,0.0,0.0,0.029487180365965916,0.1705128210095259,94.26666776239873,0.0,1.0,0.0,260.0,-1.0,-1.0,0.0,220.0,0.0,0.0,0.06666666828095913,20796.122635591946,27366.384765625,-9.177753809839487
EA-RG-MAPPO-S,results/intercept_3d_no_graph_source_curriculum/runs/no_graph/bc_ppo_seed2/actor_critic_best.pt,checkpoint,612006,6,50,straight,1.0,0.0,0,0.0,1,40,80,none,none,none,True,0.0,0.0,0.0,0.0,0.04102564224830041,0.30000000435572405,68.25384561121464,0.0,1.0,0.0,260.0,-1.0,-1.0,0.0,220.0,0.0,0.0,0.06666666828095913,21075.353188852165,30881.619140625,-2.6684986390173435
EA-RG-MAPPO-S,results/intercept_3d_no_graph_source_curriculum/runs/no_graph/bc_ppo_seed2/actor_critic_best.pt,checkpoint,612007,7,50,straight,1.0,0.0,0,0.0,1,40,80,none,none,none,True,0.0,0.0,0.0,0.0,0.032051283006484695,0.2935897477544271,68.52307682060278,0.0,1.0,0.0,260.0,-1.0,-1.0,0.0,220.0,0.0,0.0,0.06666666828095913,21253.739522611177,30586.40625,-4.270699584856629
EA-RG-MAPPO-S,results/intercept_3d_no_graph_source_curriculum/runs/no_graph/bc_ppo_seed2/actor_critic_best.pt,checkpoint,612008,8,50,straight,1.0,0.0,0,0.0,1,40,80,none,none,none,True,0.0,0.0,0.0,0.0,0.030769231686225303,0.3076923122772804,67.9730763804454,0.0,1.0,0.0,260.0,-1.0,-1.0,0.0,220.0,0.0,0.0,0.06666666828095913,21623.688735727163,32858.28125,-5.5056421756744385
EA-RG-MAPPO-S,results/intercept_3d_no_graph_source_curriculum/runs/no_graph/bc_ppo_seed2/actor_critic_best.pt,checkpoint,612009,9,50,straight,1.0,0.0,0,0.0,1,40,80,none,none,none,True,0.0,0.0,0.0,0.0,0.030769231686225303,0.30000000435572405,68.25384561121464,0.0,1.0,0.0,260.0,-1.0,-1.0,0.0,220.0,0.0,0.0,0.06666666828095913,21513.206157977766,32017.126953125,-5.193207770586014
EA-RG-MAPPO-S,results/intercept_3d_no_graph_source_curriculum/runs/no_graph/bc_ppo_seed2/actor_critic_best.pt,checkpoint,612010,10,50,straight,1.0,0.0,0,0.0,1,40,80,none,none,none,True,0.0,0.0,0.0,0.0,0.030769231686225303,0.30000000435572405,68.25384561121464,0.0,1.0,0.0,260.0,-1.0,-1.0,0.0,220.0,0.0,0.0,0.06666666828095913,21394.862259615384,31877.306640625,-4.9894633162766695
EA-RG-MAPPO-S,results/intercept_3d_no_graph_source_curriculum/runs/no_graph/bc_ppo_seed2/actor_critic_best.pt,checkpoint,612011,11,50,straight,1.0,0.0,0,0.0,1,40,80,none,none,none,True,0.0,0.0,0.0,0.0,0.03333333432674408,0.1705128210095259,94.26666776239873,0.0,1.0,0.0,260.0,-1.0,-1.0,0.0,220.0,0.0,0.0,0.06666666828095913,21351.11822603666,28460.873046875,-9.56925980001688
EA-RG-MAPPO-S,results/intercept_3d_no_graph_source_curriculum/runs/no_graph/bc_ppo_seed2/actor_critic_best.pt,checkpoint,612012,12,50,straight,1.0,0.0,0,0.0,1,40,80,none,none,none,True,0.0,0.0,0.0,0.0,0.038461539607781633,0.3179487228393555,67.67051313863351,0.0,1.0,0.0,260.0,-1.0,-1.0,0.0,220.0,0.0,0.0,0.06666666828095913,21317.120674954927,31628.15625,-2.5799555517733097
EA-RG-MAPPO-S,results/intercept_3d_no_graph_source_curriculum/runs/no_graph/bc_ppo_seed2/actor_critic_best.pt,checkpoint,612013,13,50,straight,1.0,0.0,0,0.0,1,40,80,none,none,none,True,0.0,0.0,0.0,0.0,0.03333333432674408,0.30128205567598343,68.20384605137201,0.0,1.0,0.0,260.0,-1.0,-1.0,0.0,220.0,0.0,0.0,0.06666666828095913,21279.728444260818,29815.640625,-3.068544400855899
EA-RG-MAPPO-S,results/intercept_3d_no_graph_source_curriculum/runs/no_graph/bc_ppo_seed2/actor_critic_best.pt,checkpoint,612014,14,50,straight,1.0,0.0,0,0.0,1,40,80,none,none,none,True,0.0,0.0,0.0,0.0,0.03461538564700347,0.1692307696892665,94.53333320640601,0.0,1.0,0.0,260.0,-1.0,-1.0,0.0,220.0,0.0,0.0,0.06250000149011611,21509.00254281851,30349.583984375,-10.81041930615902
EA-RG-MAPPO-S,results/intercept_3d_no_graph_source_curriculum/runs/no_graph/bc_ppo_seed2/actor_critic_best.pt,checkpoint,612015,15,50,straight,1.0,0.0,0,0.0,1,40,80,none,none,none,True,0.0,0.0,0.0,0.0,0.029487180365965916,0.26666667002898,70.00384605137201,0.0,1.0,0.0,260.0,-1.0,-1.0,0.0,220.0,0.0,0.0,0.06666666828095913,20703.050469501202,30143.787109375,-5.728096306324005
EA-RG-MAPPO-S,results/intercept_3d_no_graph_source_curriculum/runs/no_graph/bc_ppo_seed2/actor_critic_best.pt,checkpoint,612016,16,50,straight,1.0,0.0,0,0.0,1,40,80,none,none,none,True,0.0,0.0,0.0,0.0,0.03333333432674408,0.2653846187087206,68.73846099583002,0.0,1.0,0.0,260.0,-1.0,-1.0,0.0,220.0,0.0,0.0,0.06666666828095913,22262.332692307693,31939.935546875,-6.27155932597816
EA-RG-MAPPO-S,results/intercept_3d_no_graph_source_curriculum/runs/no_graph/bc_ppo_seed2/actor_critic_best.pt,checkpoint,612017,17,50,straight,1.0,0.0,0,0.0,1,40,80,none,none,none,True,0.0,0.0,0.0,0.0,0.032051283006484695,0.28974359379364895,68.69999989752586,0.0,1.0,0.0,260.0,-1.0,-1.0,0.0,220.0,0.0,0.0,0.06666666828095913,21425.432281024638,31800.7109375,-5.431008875370026
EA-RG-MAPPO-S,results/intercept_3d_no_graph_source_curriculum/runs/no_graph/bc_ppo_seed2/actor_critic_best.pt,checkpoint,612018,18,50,straight,1.0,0.0,0,0.0,1,40,80,none,none,none,True,0.0,0.0,0.0,0.0,0.04230769356855979,0.2961538503949459,68.41153791890694,0.0,1.0,0.0,260.0,-1.0,-1.0,0.0,220.0,0.0,0.0,0.06666666828095913,20988.9587496244,31224.931640625,-3.0014351084828377
EA-RG-MAPPO-S,results/intercept_3d_no_graph_source_curriculum/runs/no_graph/bc_ppo_seed2/actor_critic_best.pt,checkpoint,612019,19,50,straight,1.0,0.0,0,0.0,1,40,80,none,none,none,True,0.0,0.0,0.0,0.0,0.05769230941167244,0.3128205175583179,67.81153835906433,0.0,1.0,0.0,260.0,-1.0,-1.0,0.0,220.0,0.0,0.0,0.06666666828095913,20529.929775766224,25492.228515625,4.694777900818735
EA-RG-MAPPO-S,results/intercept_3d_no_graph_source_curriculum/runs/no_graph/bc_ppo_seed2/actor_critic_best.pt,checkpoint,612020,20,50,straight,1.0,0.0,0,0.0,1,40,80,none,none,none,True,0.0,0.0,0.0,0.0,0.032051283006484695,0.1705128210095259,94.26666776239873,0.0,1.0,0.0,260.0,-1.0,-1.0,0.0,220.0,0.0,0.0,0.06666666828095913,20916.1783203125,27771.587890625,-9.235402762889862
EA-RG-MAPPO-S,results/intercept_3d_no_graph_source_curriculum/runs/no_graph/bc_ppo_seed2/actor_critic_best.pt,checkpoint,612021,21,50,straight,1.0,0.0,0,0.0,1,40,80,none,none,none,True,0.0,0.0,0.0,0.0,0.028205129045706528,0.3282051334014306,67.44999986818203,0.0,1.0,0.0,260.0,-1.0,-1.0,0.0,220.0,0.0,0.0,0.06666666828095913,21717.27908278245,32788.20703125,-4.475462045520544
EA-RG-MAPPO-S,results/intercept_3d_no_graph_source_curriculum/runs/no_graph/bc_ppo_seed2/actor_critic_best.pt,checkpoint,612022,22,50,straight,1.0,0.0,0,0.0,1,40,80,none,none,none,True,0.0,0.0,0.0,0.0,0.02692307772544714,0.26666667002898,70.18717936025216,0.0,1.0,0.0,260.0,-1.0,-1.0,0.0,220.0,0.0,0.0,0.06250000149011611,21666.48078988882,35499.9453125,-10.040568220894784
EA-RG-MAPPO-S,results/intercept_3d_no_graph_source_curriculum/runs/no_graph/bc_ppo_seed2/actor_critic_best.pt,checkpoint,612023,23,50,straight,1.0,0.0,0,0.0,1,40,80,none,none,none,True,0.0,0.0,0.0,0.0,0.029487180365965916,0.31923077415961487,67.63846099583002,0.0,1.0,0.0,260.0,-1.0,-1.0,0.0,220.0,0.0,0.0,0.06666666828095913,20976.619243915266,32051.884765625,-4.323207553476095
EA-RG-MAPPO-S,results/intercept_3d_no_graph_source_curriculum/runs/no_graph/bc_ppo_seed2/actor_critic_best.pt,checkpoint,612024,24,50,straight,1.0,0.0,0,0.0,1,40,80,none,none,none,True,0.0,0.0,0.0,0.0,0.03461538564700347,0.30641026095702095,68.01666698478735,0.0,1.0,0.0,260.0,-1.0,-1.0,0.0,220.0,0.0,0.0,0.06666666828095913,20644.01822603666,25846.025390625,0.366417792160064
EA-RG-MAPPO-S,results/intercept_3d_no_graph_source_curriculum/runs/no_graph/bc_ppo_seed2/actor_critic_best.pt,checkpoint,612025,25,50,straight,1.0,0.0,0,0.0,1,40,80,none,none,none,True,0.0,0.0,0.0,0.0,0.030769231686225303,0.3243589794406524,67.52307679125896,0.0,1.0,0.0,260.0,-1.0,-1.0,0.0,220.0,0.0,0.0,0.06666666828095913,21618.991173377402,33066.16015625,-4.521177519112825
EA-RG-MAPPO-S,results/intercept_3d_no_graph_source_curriculum/runs/no_graph/bc_ppo_seed2/actor_critic_best.pt,checkpoint,612026,26,50,straight,1.0,0.0,0,0.0,1,40,80,none,none,none,True,0.0,0.0,0.0,0.0,0.03333333432674408,0.3128205175583179,67.81153835906433,0.0,1.0,0.0,260.0,-1.0,-1.0,0.0,220.0,0.0,0.0,0.06666666828095913,20915.61766826923,29790.7265625,-2.340330643579364
EA-RG-MAPPO-S,results/intercept_3d_no_graph_source_curriculum/runs/no_graph/bc_ppo_seed2/actor_critic_best.pt,checkpoint,612027,27,50,straight,1.0,0.0,0,0.0,1,40,80,none,none,none,True,0.0,0.0,0.0,0.0,0.03333333432674408,0.1705128210095259,94.26666776239873,0.0,1.0,0.0,260.0,-1.0,-1.0,0.0,220.0,0.0,0.0,0.06666666828095913,21174.145192307693,26782.958984375,-8.283455941826105
EA-RG-MAPPO-S,results/intercept_3d_no_graph_source_curriculum/runs/no_graph/bc_ppo_seed2/actor_critic_best.pt,checkpoint,612028,28,50,straight,1.0,0.0,0,0.0,1,40,80,none,none,none,True,0.0,0.0,0.0,0.0,0.03461538564700347,0.30512820963676157,68.06153835906433,0.0,1.0,0.0,260.0,-1.0,-1.0,0.0,220.0,0.0,0.0,0.06666666828095913,20755.769189453124,27097.556640625,-0.6442126804031432
EA-RG-MAPPO-S,results/intercept_3d_no_graph_source_curriculum/runs/no_graph/bc_ppo_seed2/actor_critic_best.pt,checkpoint,612029,29,50,straight,1.0,0.0,0,0.0,1,40,80,none,none,none,True,0.0,0.0,0.0,0.0,0.03974359092804102,0.30641026095702095,68.01666698478735,0.0,1.0,0.0,260.0,-1.0,-1.0,0.0,220.0,0.0,0.0,0.06666666828095913,21152.81575082632,31040.8984375,-2.5751262679696083
EA-RG-MAPPO-S,results/intercept_3d_no_graph_source_curriculum/runs/no_graph/bc_ppo_seed2/actor_critic_best.pt,checkpoint,612030,30,50,straight,1.0,0.0,0,0.0,1,40,80,none,none,none,True,0.0,0.0,0.0,0.0,0.024358975084928364,0.2769230805910551,69.56666608980069,0.0,1.0,0.0,260.0,-1.0,-1.0,0.0,220.0,0.0,0.0,0.06250000149011611,20820.17885554387,33412.48046875,-8.29080007551238
EA-RG-MAPPO-S,results/intercept_3d_no_graph_source_curriculum/runs/no_graph/bc_ppo_seed2/actor_critic_best.pt,checkpoint,612031,31,50,straight,1.0,0.0,0,0.0,1,40,80,none,none,none,True,0.0,0.0,0.0,0.0,0.030769231686225303,0.3179487228393555,67.67051313863351,0.0,1.0,0.0,260.0,-1.0,-1.0,0.0,220.0,0.0,0.0,0.06666666828095913,21470.726168118992,33091.1328125,-4.8823734149336815
EA-RG-MAPPO-S,results/intercept_3d_no_graph_source_curriculum/runs/no_graph/bc_ppo_seed2/actor_critic_best.pt,checkpoint,612032,32,50,straight,1.0,0.0,0,0.0,1,40,80,none,none,none,True,0.0,0.0,0.0,0.0,0.03461538564700347,0.31025641491779915,67.88974390786427,0.0,1.0,0.0,260.0,-1.0,-1.0,0.0,220.0,0.0,0.0,0.06666666828095913,21039.538998647837,31336.615234375,-3.5643502082675695
EA-RG-MAPPO-S,results/intercept_3d_no_graph_source_curriculum/runs/no_graph/bc_ppo_seed2/actor_critic_best.pt,checkpoint,612033,33,50,straight,1.0,0.0,0,0.0,1,40,80,none,none,none,True,0.0,0.0,0.0,0.0,0.044871796209078565,0.2935897477544271,68.52307682060278,0.0,1.0,0.0,260.0,-1.0,-1.0,0.0,220.0,0.0,0.0,0.06666666828095913,21033.450801908053,30994.681640625,-2.4679659493267536
EA-RG-MAPPO-S,results/intercept_3d_no_graph_source_curriculum/runs/no_graph/bc_ppo_seed2/actor_critic_best.pt,checkpoint,612034,34,50,straight,1.0,0.0,0,0.0,1,40,80,none,none,none,True,0.0,0.0,0.0,0.0,0.030769231686225303,0.3038461583165022,68.10769176506079,0.0,1.0,0.0,260.0,-1.0,-1.0,0.0,220.0,0.0,0.0,0.06666666828095913,21563.4344538762,32047.626953125,-4.923905171453953
EA-RG-MAPPO-S,results/intercept_3d_no_graph_source_curriculum/runs/no_graph/bc_ppo_seed2/actor_critic_best.pt,checkpoint,612035,35,50,straight,1.0,0.0,0,0.0,1,40,80,none,none,none,True,0.0,0.0,0.0,0.0,0.03333333432674408,0.3141025688785773,67.77435929247966,0.0,1.0,0.0,260.0,-1.0,-1.0,0.0,220.0,0.0,0.0,0.06666666828095913,21038.561681189905,28351.025390625,-1.2002123780548573
EA-RG-MAPPO-S,results/intercept_3d_no_graph_source_curriculum/runs/no_graph/bc_ppo_seed2/actor_critic_best.pt,checkpoint,612036,36,50,straight,1.0,0.0,0,0.0,1,40,80,none,none,none,True,0.0,0.0,0.0,0.0,0.030769231686225303,0.3256410307609118,67.49743615686893,0.0,1.0,0.0,260.0,-1.0,-1.0,0.0,220.0,0.0,0.0,0.06666666828095913,21388.976772836537,33299.53125,-4.6934453919529915
EA-RG-MAPPO-S,results/intercept_3d_no_graph_source_curriculum/runs/no_graph/bc_ppo_seed2/actor_critic_best.pt,checkpoint,612037,37,50,straight,1.0,0.0,0,0.0,1,40,80,none,none,none,True,0.0,0.0,0.0,0.0,0.028205129045706528,0.1705128210095259,94.26666776239873,0.0,1.0,0.0,260.0,-1.0,-1.0,0.0,220.0,0.0,0.0,0.06666666828095913,20504.932061298077,28639.46875,-10.019952826201916
EA-RG-MAPPO-S,results/intercept_3d_no_graph_source_curriculum/runs/no_graph/bc_ppo_seed2/actor_critic_best.pt,checkpoint,612038,38,50,straight,1.0,0.0,0,0.0,1,40,80,none,none,none,True,0.0,0.0,0.0,0.0,0.03333333432674408,0.30512820963676157,68.06153835906433,0.0,1.0,0.0,260.0,-1.0,-1.0,0.0,220.0,0.0,0.0,0.06666666828095913,21307.955744816707,30302.623046875,-3.1993725188076496
EA-RG-MAPPO-S,results/intercept_3d_no_graph_source_curriculum/runs/no_graph/bc_ppo_seed2/actor_critic_best.pt,checkpoint,612039,39,50,straight,1.0,0.0,0,0.0,1,40,80,none,none,none,True,0.0,0.0,0.0,0.0,0.029487180365965916,0.3179487228393555,67.67051313863351,0.0,1.0,0.0,260.0,-1.0,-1.0,0.0,220.0,0.0,0.0,0.06666666828095913,21424.67903583233,32994.50390625,-5.0922797583043575
EA-RG-MAPPO-S,results/intercept_3d_no_graph_source_curriculum/runs/no_graph/bc_ppo_seed2/actor_critic_best.pt,checkpoint,612040,40,50,straight,1.0,0.0,0,0.0,1,40,80,none,none,none,True,0.0,0.0,0.0,0.0,0.023076923764668977,0.21025641193756692,75.0666665593019,0.0,1.0,0.0,260.0,-1.0,-1.0,0.0,220.0,0.0,0.0,0.06250000149011611,22259.690792142428,37366.59765625,-15.038168102502823
EA-RG-MAPPO-S,results/intercept_3d_no_graph_source_curriculum/runs/no_graph/bc_ppo_seed2/actor_critic_best.pt,checkpoint,612041,41,50,straight,1.0,0.0,0,0.0,1,40,80,none,none,none,True,0.0,0.0,0.0,0.0,0.04230769356855979,0.2935897477544271,68.52307682060278,0.0,1.0,0.0,260.0,-1.0,-1.0,0.0,220.0,0.0,0.0,0.06666666828095913,21142.822534179686,31307.177734375,-3.018225435167551
EA-RG-MAPPO-S,results/intercept_3d_no_graph_source_curriculum/runs/no_graph/bc_ppo_seed2/actor_critic_best.pt,checkpoint,612042,42,50,straight,1.0,0.0,0,0.0,1,40,80,none,none,none,True,0.0,0.0,0.0,0.0,0.032051283006484695,0.30512820963676157,68.06153835906433,0.0,1.0,0.0,260.0,-1.0,-1.0,0.0,220.0,0.0,0.0,0.06666666828095913,21543.73253455529,31159.021484375,-3.934172235429287
EA-RG-MAPPO-S,results/intercept_3d_no_graph_source_curriculum/runs/no_graph/bc_ppo_seed2/actor_critic_best.pt,checkpoint,612043,43,50,straight,1.0,0.0,0,0.0,1,40,80,none,none,none,True,0.0,0.0,0.0,0.0,0.032051283006484695,0.30897436359753977,67.9307691282951,0.0,1.0,0.0,260.0,-1.0,-1.0,0.0,220.0,0.0,0.0,0.06666666828095913,20435.28773099459,26905.880859375,-0.6594895320013165
EA-RG-MAPPO-S,results/intercept_3d_no_graph_source_curriculum/runs/no_graph/bc_ppo_seed2/actor_critic_best.pt,checkpoint,612044,44,50,straight,1.0,0.0,0,0.0,1,40,80,none,none,none,True,0.0,0.0,0.0,0.0,0.03333333432674408,0.1705128210095259,94.26666776239873,0.0,1.0,0.0,260.0,-1.0,-1.0,0.0,220.0,0.0,0.0,0.06666666828095913,21255.49158278245,27906.779296875,-9.122742926701903
EA-RG-MAPPO-S,results/intercept_3d_no_graph_source_curriculum/runs/no_graph/bc_ppo_seed2/actor_critic_best.pt,checkpoint,612045,45,50,straight,1.0,0.0,0,0.0,1,40,80,none,none,none,True,0.0,0.0,0.0,0.0,0.029487180365965916,0.2756410292707957,69.44743621555658,0.0,1.0,0.0,260.0,-1.0,-1.0,0.0,220.0,0.0,0.0,0.06666666828095913,21295.66514047476,31493.525390625,-6.128801977145486
EA-RG-MAPPO-S,results/intercept_3d_no_graph_source_curriculum/runs/no_graph/bc_ppo_seed2/actor_critic_best.pt,checkpoint,612046,46,50,straight,1.0,0.0,0,0.0,1,40,80,none,none,none,True,0.0,0.0,0.0,0.0,0.03333333432674408,0.3076923122772804,67.9730763804454,0.0,1.0,0.0,260.0,-1.0,-1.0,0.0,220.0,0.0,0.0,0.06666666828095913,21327.683693284256,31994.21875,-4.425504956394434
EA-RG-MAPPO-S,results/intercept_3d_no_graph_source_curriculum/runs/no_graph/bc_ppo_seed2/actor_critic_best.pt,checkpoint,612047,47,50,straight,1.0,0.0,0,0.0,1,40,80,none,none,none,True,0.0,0.0,0.0,0.0,0.03461538564700347,0.18205128289186037,78.33846142131549,0.0,1.0,0.0,260.0,-1.0,-1.0,0.0,220.0,0.0,0.00833333358168602,0.06666666828095913,21432.388048377405,31274.720703125,-10.513517402112484
EA-RG-MAPPO-S,results/intercept_3d_no_graph_source_curriculum/runs/no_graph/bc_ppo_seed2/actor_critic_best.pt,checkpoint,612048,48,50,straight,1.0,0.0,0,0.0,1,40,80,none,none,none,True,0.0,0.0,0.0,0.0,0.032051283006484695,0.1705128210095259,94.26666776239873,0.0,1.0,0.0,260.0,-1.0,-1.0,0.0,220.0,0.0,0.0,0.06666666828095913,21441.725728665864,29697.900390625,-10.707038339227438
EA-RG-MAPPO-S,results/intercept_3d_no_graph_source_curriculum/runs/no_graph/bc_ppo_seed2/actor_critic_best.pt,checkpoint,612049,49,50,straight,1.0,0.0,0,0.0,1,40,80,none,none,none,True,0.0,0.0,0.0,0.0,0.023076923764668977,0.21282051457808568,85.66282040545573,0.0,1.0,0.0,260.0,-1.0,-1.0,0.0,220.0,0.0,0.0,0.06250000149011611,22575.430057466947,38282.640625,-16.025346274953336
