scenario,graph_encoder,train_method,train_seed,strict_target_sensing,method,checkpoint,policy_source,seed,episode,episodes,target_policy,communication_range_scale,communication_dropout_prob,message_delay_steps,radar_dropout_prob,failed_blue_agent,node_failure_start_step,node_failure_duration_steps,graph_relation_ablation,graph_message_ablation,graph_input_ablation,deterministic,success,chain_closed,attack_window_formed,attack_window_rate,tracking_rate,comm_connectivity,mean_message_age,collision,timeout,constraint_violation,steps,first_attack_window_step,first_chain_close_step,post_failure_chain_recovered,post_failure_chain_recovery_steps,chain_closed_during_failure_rate,tracking_during_failure_rate,connectivity_during_failure,avg_mean_range,final_mean_range,reward_sum
relay_failure,single,bc_ppo,0,1,EA-RG-MAPPO-S,results/intercept_3d_node_failure_curriculum_pilot_seed0/runs/single/bc_ppo_seed0/actor_critic_best.pt,checkpoint,96000,0,5,straight,1.0,0.0,0,0.0,1,40,80,none,none,none,True,1.0,1.0,1.0,0.029629630512661403,0.4296296338240306,0.9259259270297157,44.51851722002029,0.0,0.0,0.0,45.0,42.0,45.0,1.0,5.0,0.16666666666666666,1.0,0.4444444527228673,14927.877680121528,5331.72314453125,39.254812836647034
relay_failure,single,bc_ppo,0,1,EA-RG-MAPPO-S,results/intercept_3d_node_failure_curriculum_pilot_seed0/runs/single/bc_ppo_seed0/actor_critic_best.pt,checkpoint,96001,1,5,straight,1.0,0.0,0,0.0,1,40,80,none,none,none,True,1.0,1.0,1.0,0.029629630512661403,0.4370370414521959,0.9259259270297157,44.51851722002029,0.0,0.0,0.0,45.0,42.0,45.0,1.0,5.0,0.16666666666666666,1.0,0.4444444527228673,14870.46882595486,5255.88232421875,39.47389751672745
relay_failure,single,bc_ppo,0,1,EA-RG-MAPPO-S,results/intercept_3d_node_failure_curriculum_pilot_seed0/runs/single/bc_ppo_seed0/actor_critic_best.pt,checkpoint,96002,2,5,straight,1.0,0.0,0,0.0,1,40,80,none,none,none,True,1.0,1.0,1.0,0.028985508110212242,0.44927536663801776,0.9130434795566227,43.637679889150284,0.0,0.0,0.0,46.0,43.0,46.0,1.0,6.0,0.14285714285714285,1.0,0.42857143708637785,14650.994862432066,4861.869140625,40.35674503445625
relay_failure,single,bc_ppo,0,1,EA-RG-MAPPO-S,results/intercept_3d_node_failure_curriculum_pilot_seed0/runs/single/bc_ppo_seed0/actor_critic_best.pt,checkpoint,96003,3,5,straight,1.0,0.0,0,0.0,1,40,80,none,none,none,True,1.0,1.0,1.0,0.029629630512661403,0.4370370414521959,0.9259259270297157,44.51851722002029,0.0,0.0,0.0,45.0,42.0,45.0,1.0,5.0,0.16666666666666666,1.0,0.4444444527228673,14880.39130859375,5297.76611328125,39.526755541563034
relay_failure,single,bc_ppo,0,1,EA-RG-MAPPO-S,results/intercept_3d_node_failure_curriculum_pilot_seed0/runs/single/bc_ppo_seed0/actor_critic_best.pt,checkpoint,96004,4,5,straight,1.0,0.0,0,0.0,1,40,80,none,none,none,True,1.0,1.0,1.0,0.02836879517169709,0.4539007132357739,0.9007092213377039,42.80850939167307,0.0,0.0,0.0,47.0,44.0,47.0,1.0,7.0,0.125,1.0,0.4166666753590107,14483.895331200132,4540.27880859375,41.0054629445076
scout_failure,single,bc_ppo,0,1,EA-RG-MAPPO-S,results/intercept_3d_node_failure_curriculum_pilot_seed0/runs/single/bc_ppo_seed0/actor_critic_best.pt,checkpoint,96000,0,5,straight,1.0,0.0,0,0.0,0,40,80,none,none,none,True,1.0,1.0,1.0,0.029629630512661403,0.4296296338240306,0.9259259270297157,44.51851722002029,0.0,0.0,0.0,45.0,42.0,45.0,1.0,5.0,0.16666666666666666,1.0,0.4444444527228673,14927.877680121528,5331.72314453125,39.25483024120331
scout_failure,single,bc_ppo,0,1,EA-RG-MAPPO-S,results/intercept_3d_node_failure_curriculum_pilot_seed0/runs/single/bc_ppo_seed0/actor_critic_best.pt,checkpoint,96001,1,5,straight,1.0,0.0,0,0.0,0,40,80,none,none,none,True,1.0,1.0,1.0,0.029629630512661403,0.4370370414521959,0.9259259270297157,44.51851722002029,0.0,0.0,0.0,45.0,42.0,45.0,1.0,5.0,0.16666666666666666,1.0,0.4444444527228673,14870.46882595486,5255.88232421875,39.473861277103424
scout_failure,single,bc_ppo,0,1,EA-RG-MAPPO-S,results/intercept_3d_node_failure_curriculum_pilot_seed0/runs/single/bc_ppo_seed0/actor_critic_best.pt,checkpoint,96002,2,5,straight,1.0,0.0,0,0.0,0,40,80,none,none,none,True,1.0,1.0,1.0,0.028985508110212242,0.44927536663801776,0.9130434795566227,43.637679889150284,0.0,0.0,0.0,46.0,43.0,46.0,1.0,6.0,0.14285714285714285,1.0,0.42857143708637785,14650.994862432066,4861.869140625,40.35674503445625
scout_failure,single,bc_ppo,0,1,EA-RG-MAPPO-S,results/intercept_3d_node_failure_curriculum_pilot_seed0/runs/single/bc_ppo_seed0/actor_critic_best.pt,checkpoint,96003,3,5,straight,1.0,0.0,0,0.0,0,40,80,none,none,none,True,1.0,1.0,1.0,0.029629630512661403,0.4370370414521959,0.9259259270297157,44.51851722002029,0.0,0.0,0.0,45.0,42.0,45.0,1.0,5.0,0.16666666666666666,1.0,0.4444444527228673,14880.197526041668,5293.25341796875,39.53012391924858
scout_failure,single,bc_ppo,0,1,EA-RG-MAPPO-S,results/intercept_3d_node_failure_curriculum_pilot_seed0/runs/single/bc_ppo_seed0/actor_critic_best.pt,checkpoint,96004,4,5,straight,1.0,0.0,0,0.0,0,40,80,none,none,none,True,1.0,1.0,1.0,0.02836879517169709,0.4539007132357739,0.9007092213377039,42.80850939167307,0.0,0.0,0.0,47.0,44.0,47.0,1.0,7.0,0.125,1.0,0.4166666753590107,14483.895331200132,4540.27880859375,41.0054629445076
relay_failure,single,bc_ppo,1,1,EA-RG-MAPPO-S,results/intercept_3d_node_failure_curriculum_pilot_seed0/runs/single/bc_ppo_seed1/actor_critic_best.pt,checkpoint,96000,0,5,straight,1.0,0.0,0,0.0,1,40,80,none,none,none,True,1.0,1.0,1.0,0.029629630512661403,0.4370370414521959,0.9259259270297157,42.5925913506084,0.0,0.0,0.0,45.0,42.0,45.0,1.0,5.0,0.16666666666666666,1.0,0.4444444527228673,14907.893381076388,5245.11083984375,39.61044263839722
relay_failure,single,bc_ppo,1,1,EA-RG-MAPPO-S,results/intercept_3d_node_failure_curriculum_pilot_seed0/runs/single/bc_ppo_seed1/actor_critic_best.pt,checkpoint,96001,1,5,straight,1.0,0.0,0,0.0,1,40,80,none,none,none,True,1.0,1.0,1.0,0.029629630512661403,0.4370370414521959,0.9259259270297157,42.5925913506084,0.0,0.0,0.0,45.0,42.0,45.0,1.0,5.0,0.16666666666666666,1.0,0.4444444527228673,14854.1205078125,5197.197265625,39.609314292669296
relay_failure,single,bc_ppo,1,1,EA-RG-MAPPO-S,results/intercept_3d_node_failure_curriculum_pilot_seed0/runs/single/bc_ppo_seed1/actor_critic_best.pt,checkpoint,96002,2,5,straight,1.0,0.0,0,0.0,1,40,80,none,none,none,True,1.0,1.0,1.0,0.028985508110212242,0.44927536663801776,0.9130434795566227,41.75362197342126,0.0,0.0,0.0,46.0,43.0,46.0,1.0,6.0,0.14285714285714285,1.0,0.42857143708637785,14638.605776579483,4811.896484375,40.486094295978546
relay_failure,single,bc_ppo,1,1,EA-RG-MAPPO-S,results/intercept_3d_node_failure_curriculum_pilot_seed0/runs/single/bc_ppo_seed1/actor_critic_best.pt,checkpoint,96003,3,5,straight,1.0,0.0,0,0.0,1,40,80,none,none,none,True,1.0,1.0,1.0,0.029629630512661403,0.4370370414521959,0.9259259270297157,42.5925913506084,0.0,0.0,0.0,45.0,42.0,45.0,1.0,5.0,0.16666666666666666,1.0,0.4444444527228673,14865.571766493056,5223.11962890625,39.67495948076248
relay_failure,single,bc_ppo,1,1,EA-RG-MAPPO-S,results/intercept_3d_node_failure_curriculum_pilot_seed0/runs/single/bc_ppo_seed1/actor_critic_best.pt,checkpoint,96004,4,5,straight,1.0,0.0,0,0.0,1,40,80,none,none,none,True,1.0,1.0,1.0,0.02836879517169709,0.4539007132357739,0.9007092213377039,40.96453781457657,0.0,0.0,0.0,47.0,44.0,47.0,1.0,7.0,0.125,1.0,0.4166666753590107,14473.170628324468,4488.95068359375,41.13600105047226
scout_failure,single,bc_ppo,1,1,EA-RG-MAPPO-S,results/intercept_3d_node_failure_curriculum_pilot_seed0/runs/single/bc_ppo_seed1/actor_critic_best.pt,checkpoint,96000,0,5,straight,1.0,0.0,0,0.0,0,40,80,none,none,none,True,1.0,1.0,1.0,0.029629630512661403,0.4370370414521959,0.9259259270297157,42.5925913506084,0.0,0.0,0.0,45.0,42.0,45.0,1.0,5.0,0.16666666666666666,1.0,0.4444444527228673,14907.46396484375,5235.9970703125,39.617178082466125
scout_failure,single,bc_ppo,1,1,EA-RG-MAPPO-S,results/intercept_3d_node_failure_curriculum_pilot_seed0/runs/single/bc_ppo_seed1/actor_critic_best.pt,checkpoint,96001,1,5,straight,1.0,0.0,0,0.0,0,40,80,none,none,none,True,1.0,1.0,1.0,0.029629630512661403,0.4370370414521959,0.9259259270297157,42.5925913506084,0.0,0.0,0.0,45.0,42.0,45.0,1.0,5.0,0.16666666666666666,1.0,0.4444444527228673,14853.935427517361,5192.82568359375,39.612565487623215
scout_failure,single,bc_ppo,1,1,EA-RG-MAPPO-S,results/intercept_3d_node_failure_curriculum_pilot_seed0/runs/single/bc_ppo_seed1/actor_critic_best.pt,checkpoint,96002,2,5,straight,1.0,0.0,0,0.0,0,40,80,none,none,none,True,1.0,1.0,1.0,0.028985508110212242,0.44927536663801776,0.9130434795566227,41.75362197342126,0.0,0.0,0.0,46.0,43.0,46.0,1.0,6.0,0.14285714285714285,1.0,0.42857143708637785,14638.343537703804,4802.1982421875,40.49341881275177
scout_failure,single,bc_ppo,1,1,EA-RG-MAPPO-S,results/intercept_3d_node_failure_curriculum_pilot_seed0/runs/single/bc_ppo_seed1/actor_critic_best.pt,checkpoint,96003,3,5,straight,1.0,0.0,0,0.0,0,40,80,none,none,none,True,1.0,1.0,1.0,0.029629630512661403,0.4370370414521959,0.9259259270297157,42.5925913506084,0.0,0.0,0.0,45.0,42.0,45.0,1.0,5.0,0.16666666666666666,1.0,0.4444444527228673,14865.84421657986,5226.7568359375,39.672323405742645
scout_failure,single,bc_ppo,1,1,EA-RG-MAPPO-S,results/intercept_3d_node_failure_curriculum_pilot_seed0/runs/single/bc_ppo_seed1/actor_critic_best.pt,checkpoint,96004,4,5,straight,1.0,0.0,0,0.0,0,40,80,none,none,none,True,1.0,1.0,1.0,0.02836879517169709,0.4539007132357739,0.9007092213377039,40.96453781457657,0.0,0.0,0.0,47.0,44.0,47.0,1.0,7.0,0.125,1.0,0.4166666753590107,14472.873244265293,4476.62353515625,41.14527642726898
relay_failure,single,bc_ppo,2,1,EA-RG-MAPPO-S,results/intercept_3d_node_failure_curriculum_pilot_seed0/runs/single/bc_ppo_seed2/actor_critic_best.pt,checkpoint,96000,0,5,straight,1.0,0.0,0,0.0,1,40,80,none,none,none,True,1.0,1.0,1.0,0.029629630512661403,0.4370370414521959,0.9259259270297157,38.74073961178462,0.0,0.0,0.0,45.0,42.0,45.0,1.0,5.0,0.16666666666666666,1.0,0.4444444527228673,14893.296701388888,5197.8681640625,39.82546401023865
relay_failure,single,bc_ppo,2,1,EA-RG-MAPPO-S,results/intercept_3d_node_failure_curriculum_pilot_seed0/runs/single/bc_ppo_seed2/actor_critic_best.pt,checkpoint,96001,1,5,straight,1.0,0.0,0,0.0,1,40,80,none,none,none,True,1.0,1.0,1.0,0.029629630512661403,0.4370370414521959,0.9259259270297157,38.74073961178462,0.0,0.0,0.0,45.0,42.0,45.0,1.0,5.0,0.16666666666666666,1.0,0.4444444527228673,14841.653266059027,5147.77490234375,39.82809120416641
relay_failure,single,bc_ppo,2,1,EA-RG-MAPPO-S,results/intercept_3d_node_failure_curriculum_pilot_seed0/runs/single/bc_ppo_seed2/actor_critic_best.pt,checkpoint,96002,2,5,straight,1.0,0.0,0,0.0,1,40,80,none,none,none,True,1.0,1.0,1.0,0.028985508110212242,0.44927536663801776,0.9130434795566227,37.985506141963214,0.0,0.0,0.0,46.0,43.0,46.0,1.0,6.0,0.14285714285714285,1.0,0.42857143708637785,14630.459738026495,4765.28857421875,40.702237010002136
relay_failure,single,bc_ppo,2,1,EA-RG-MAPPO-S,results/intercept_3d_node_failure_curriculum_pilot_seed0/runs/single/bc_ppo_seed2/actor_critic_best.pt,checkpoint,96003,3,5,straight,1.0,0.0,0,0.0,1,40,80,none,none,none,True,1.0,1.0,1.0,0.029629630512661403,0.4370370414521959,0.9259259270297157,38.74073961178462,0.0,0.0,0.0,45.0,42.0,45.0,1.0,5.0,0.16666666666666666,1.0,0.4444444527228673,14855.703081597223,5175.69091796875,39.891615241765976
relay_failure,single,bc_ppo,2,1,EA-RG-MAPPO-S,results/intercept_3d_node_failure_curriculum_pilot_seed0/runs/single/bc_ppo_seed2/actor_critic_best.pt,checkpoint,96004,4,5,straight,1.0,0.0,0,0.0,1,40,80,none,none,none,True,1.0,1.0,1.0,0.02836879517169709,0.4539007132357739,0.9007092213377039,37.27659466038359,0.0,0.0,0.0,47.0,44.0,47.0,1.0,7.0,0.125,1.0,0.4166666753590107,14467.340778756648,4447.89306640625,41.3484103679657
scout_failure,single,bc_ppo,2,1,EA-RG-MAPPO-S,results/intercept_3d_node_failure_curriculum_pilot_seed0/runs/single/bc_ppo_seed2/actor_critic_best.pt,checkpoint,96000,0,5,straight,1.0,0.0,0,0.0,0,40,80,none,none,none,True,1.0,1.0,1.0,0.029629630512661403,0.4370370414521959,0.9259259270297157,38.74073961178462,0.0,0.0,0.0,45.0,42.0,45.0,1.0,5.0,0.16666666666666666,1.0,0.4444444527228673,14892.984027777778,5190.3564453125,39.83105957508087
scout_failure,single,bc_ppo,2,1,EA-RG-MAPPO-S,results/intercept_3d_node_failure_curriculum_pilot_seed0/runs/single/bc_ppo_seed2/actor_critic_best.pt,checkpoint,96001,1,5,straight,1.0,0.0,0,0.0,0,40,80,none,none,none,True,1.0,1.0,1.0,0.029629630512661403,0.4370370414521959,0.9259259270297157,38.74073961178462,0.0,0.0,0.0,45.0,42.0,45.0,1.0,5.0,0.16666666666666666,1.0,0.4444444527228673,14841.795279947917,5151.12353515625,39.82569593191147
scout_failure,single,bc_ppo,2,1,EA-RG-MAPPO-S,results/intercept_3d_node_failure_curriculum_pilot_seed0/runs/single/bc_ppo_seed2/actor_critic_best.pt,checkpoint,96002,2,5,straight,1.0,0.0,0,0.0,0,40,80,none,none,none,True,1.0,1.0,1.0,0.028985508110212242,0.44927536663801776,0.9130434795566227,37.985506141963214,0.0,0.0,0.0,46.0,43.0,46.0,1.0,6.0,0.14285714285714285,1.0,0.42857143708637785,14630.210534137228,4761.013671875,40.70534461736679
scout_failure,single,bc_ppo,2,1,EA-RG-MAPPO-S,results/intercept_3d_node_failure_curriculum_pilot_seed0/runs/single/bc_ppo_seed2/actor_critic_best.pt,checkpoint,96003,3,5,straight,1.0,0.0,0,0.0,0,40,80,none,none,none,True,1.0,1.0,1.0,0.029629630512661403,0.4370370414521959,0.9259259270297157,38.74073961178462,0.0,0.0,0.0,45.0,42.0,45.0,1.0,5.0,0.16666666666666666,1.0,0.4444444527228673,14855.704036458334,5175.73291015625,39.89172872900963
scout_failure,single,bc_ppo,2,1,EA-RG-MAPPO-S,results/intercept_3d_node_failure_curriculum_pilot_seed0/runs/single/bc_ppo_seed2/actor_critic_best.pt,checkpoint,96004,4,5,straight,1.0,0.0,0,0.0,0,40,80,none,none,none,True,1.0,1.0,1.0,0.02836879517169709,0.4539007132357739,0.9007092213377039,37.27659466038359,0.0,0.0,0.0,47.0,44.0,47.0,1.0,7.0,0.125,1.0,0.4166666753590107,14466.81028715093,4438.55517578125,41.35529536008835
relay_failure,multi_relation,bc_ppo,0,1,EA-RG-MAPPO-S,results/intercept_3d_node_failure_curriculum_pilot_seed0/runs/multi_relation/bc_ppo_seed0/actor_critic_best.pt,checkpoint,96000,0,5,straight,1.0,0.0,0,0.0,1,40,80,none,none,none,True,1.0,1.0,1.0,0.029629630512661403,0.4296296338240306,0.9259259270297157,50.296294828255974,0.0,0.0,0.0,45.0,42.0,45.0,1.0,5.0,0.16666666666666666,1.0,0.4444444527228673,14932.5349609375,5340.80712890625,38.979131907224655
relay_failure,multi_relation,bc_ppo,0,1,EA-RG-MAPPO-S,results/intercept_3d_node_failure_curriculum_pilot_seed0/runs/multi_relation/bc_ppo_seed0/actor_critic_best.pt,checkpoint,96001,1,5,straight,1.0,0.0,0,0.0,1,40,80,none,none,none,True,1.0,1.0,1.0,0.029629630512661403,0.4370370414521959,0.9259259270297157,50.296294828255974,0.0,0.0,0.0,45.0,42.0,45.0,1.0,5.0,0.16666666666666666,1.0,0.4444444527228673,14881.640418836805,5291.00048828125,39.17952358722687
relay_failure,multi_relation,bc_ppo,0,1,EA-RG-MAPPO-S,results/intercept_3d_node_failure_curriculum_pilot_seed0/runs/multi_relation/bc_ppo_seed0/actor_critic_best.pt,checkpoint,96002,2,5,straight,1.0,0.0,0,0.0,1,40,80,none,none,none,True,1.0,1.0,1.0,0.028985508110212242,0.44927536663801776,0.9130434795566227,49.28985363633736,0.0,0.0,0.0,46.0,43.0,46.0,1.0,6.0,0.14285714285714285,1.0,0.42857143708637785,14665.623142408289,4867.86376953125,40.08444917201996
relay_failure,multi_relation,bc_ppo,0,1,EA-RG-MAPPO-S,results/intercept_3d_node_failure_curriculum_pilot_seed0/runs/multi_relation/bc_ppo_seed0/actor_critic_best.pt,checkpoint,96003,3,5,straight,1.0,0.0,0,0.0,1,40,80,none,none,none,True,1.0,1.0,1.0,0.029629630512661403,0.4370370414521959,0.9259259270297157,50.296294828255974,0.0,0.0,0.0,45.0,42.0,45.0,1.0,5.0,0.16666666666666666,1.0,0.4444444527228673,14893.563020833333,5308.517578125,39.25151762366295
relay_failure,multi_relation,bc_ppo,0,1,EA-RG-MAPPO-S,results/intercept_3d_node_failure_curriculum_pilot_seed0/runs/multi_relation/bc_ppo_seed0/actor_critic_best.pt,checkpoint,96004,4,5,straight,1.0,0.0,0,0.0,1,40,80,none,none,none,True,1.0,1.0,1.0,0.02836879517169709,0.4539007132357739,0.9007092213377039,48.340424122962546,0.0,0.0,0.0,47.0,44.0,47.0,1.0,7.0,0.125,1.0,0.4166666753590107,14505.580130069813,4569.63818359375,40.71598994731903
scout_failure,multi_relation,bc_ppo,0,1,EA-RG-MAPPO-S,results/intercept_3d_node_failure_curriculum_pilot_seed0/runs/multi_relation/bc_ppo_seed0/actor_critic_best.pt,checkpoint,96000,0,5,straight,1.0,0.0,0,0.0,0,40,80,none,none,none,True,1.0,1.0,1.0,0.029629630512661403,0.4296296338240306,0.9259259270297157,50.296294828255974,0.0,0.0,0.0,45.0,42.0,45.0,1.0,5.0,0.16666666666666666,1.0,0.4444444527228673,14932.598187934027,5342.54931640625,38.97794482111931
scout_failure,multi_relation,bc_ppo,0,1,EA-RG-MAPPO-S,results/intercept_3d_node_failure_curriculum_pilot_seed0/runs/multi_relation/bc_ppo_seed0/actor_critic_best.pt,checkpoint,96001,1,5,straight,1.0,0.0,0,0.0,0,40,80,none,none,none,True,1.0,1.0,1.0,0.029629630512661403,0.4370370414521959,0.9259259270297157,50.296294828255974,0.0,0.0,0.0,45.0,42.0,45.0,1.0,5.0,0.16666666666666666,1.0,0.4444444527228673,14881.640418836805,5291.00048828125,39.179569602012634
scout_failure,multi_relation,bc_ppo,0,1,EA-RG-MAPPO-S,results/intercept_3d_node_failure_curriculum_pilot_seed0/runs/multi_relation/bc_ppo_seed0/actor_critic_best.pt,checkpoint,96002,2,5,straight,1.0,0.0,0,0.0,0,40,80,none,none,none,True,1.0,1.0,1.0,0.028985508110212242,0.44927536663801776,0.9130434795566227,49.28985363633736,0.0,0.0,0.0,46.0,43.0,46.0,1.0,6.0,0.14285714285714285,1.0,0.42857143708637785,14665.373917289402,4865.32763671875,40.08653801679611
scout_failure,multi_relation,bc_ppo,0,1,EA-RG-MAPPO-S,results/intercept_3d_node_failure_curriculum_pilot_seed0/runs/multi_relation/bc_ppo_seed0/actor_critic_best.pt,checkpoint,96003,3,5,straight,1.0,0.0,0,0.0,0,40,80,none,none,none,True,1.0,1.0,1.0,0.029629630512661403,0.4370370414521959,0.9259259270297157,50.296294828255974,0.0,0.0,0.0,45.0,42.0,45.0,1.0,5.0,0.16666666666666666,1.0,0.4444444527228673,14893.633344184027,5311.66064453125,39.24926075339317
scout_failure,multi_relation,bc_ppo,0,1,EA-RG-MAPPO-S,results/intercept_3d_node_failure_curriculum_pilot_seed0/runs/multi_relation/bc_ppo_seed0/actor_critic_best.pt,checkpoint,96004,4,5,straight,1.0,0.0,0,0.0,0,40,80,none,none,none,True,1.0,1.0,1.0,0.02836879517169709,0.4539007132357739,0.9007092213377039,48.340424122962546,0.0,0.0,0.0,47.0,44.0,47.0,1.0,7.0,0.125,1.0,0.4166666753590107,14503.282018783244,4530.99365234375,40.74471175670624
relay_failure,multi_relation,bc_ppo,1,1,EA-RG-MAPPO-S,results/intercept_3d_node_failure_curriculum_pilot_seed0/runs/multi_relation/bc_ppo_seed1/actor_critic_best.pt,checkpoint,96000,0,5,straight,1.0,0.0,0,0.0,1,40,80,none,none,none,True,1.0,1.0,1.0,0.029629630512661403,0.4296296338240306,0.9259259270297157,50.296294828255974,0.0,0.0,0.0,45.0,42.0,45.0,1.0,5.0,0.16666666666666666,1.0,0.4444444527228673,14936.637348090278,5390.9814453125,38.94183138012886
relay_failure,multi_relation,bc_ppo,1,1,EA-RG-MAPPO-S,results/intercept_3d_node_failure_curriculum_pilot_seed0/runs/multi_relation/bc_ppo_seed1/actor_critic_best.pt,checkpoint,96001,1,5,straight,1.0,0.0,0,0.0,1,40,80,none,none,none,True,1.0,1.0,1.0,0.029629630512661403,0.4370370414521959,0.9259259270297157,50.296294828255974,0.0,0.0,0.0,45.0,42.0,45.0,1.0,5.0,0.16666666666666666,1.0,0.4444444527228673,14884.973090277777,5327.6220703125,39.150264263153076
relay_failure,multi_relation,bc_ppo,1,1,EA-RG-MAPPO-S,results/intercept_3d_node_failure_curriculum_pilot_seed0/runs/multi_relation/bc_ppo_seed1/actor_critic_best.pt,checkpoint,96002,2,5,straight,1.0,0.0,0,0.0,1,40,80,none,none,none,True,0.0,0.0,1.0,0.003846153960778163,0.10641025797678874,0.3743589786382822,40.92179461797843,0.0,1.0,0.0,260.0,44.0,-1.0,0.0,220.0,0.0,0.1750000026077032,0.34166667647659776,38376.602821702225,81349.7734375,-21.26315040886402
relay_failure,multi_relation,bc_ppo,1,1,EA-RG-MAPPO-S,results/intercept_3d_node_failure_curriculum_pilot_seed0/runs/multi_relation/bc_ppo_seed1/actor_critic_best.pt,checkpoint,96003,3,5,straight,1.0,0.0,0,0.0,1,40,80,none,none,none,True,1.0,1.0,1.0,0.028985508110212242,0.44927536663801776,0.9130434795566227,49.28985363633736,0.0,0.0,0.0,46.0,43.0,46.0,1.0,6.0,0.14285714285714285,1.0,0.42857143708637785,14681.719429347826,4973.89794921875,40.00036135315895
relay_failure,multi_relation,bc_ppo,1,1,EA-RG-MAPPO-S,results/intercept_3d_node_failure_curriculum_pilot_seed0/runs/multi_relation/bc_ppo_seed1/actor_critic_best.pt,checkpoint,96004,4,5,straight,1.0,0.0,0,0.0,1,40,80,none,none,none,True,1.0,1.0,1.0,0.02836879517169709,0.44680851507694164,0.9007092213377039,48.340424122962546,0.0,0.0,0.0,47.0,44.0,47.0,1.0,7.0,0.125,0.9583333358168602,0.4166666753590107,14515.689536236701,4669.34130859375,40.519795358181
scout_failure,multi_relation,bc_ppo,1,1,EA-RG-MAPPO-S,results/intercept_3d_node_failure_curriculum_pilot_seed0/runs/multi_relation/bc_ppo_seed1/actor_critic_best.pt,checkpoint,96000,0,5,straight,1.0,0.0,0,0.0,0,40,80,none,none,none,True,1.0,1.0,1.0,0.029629630512661403,0.4296296338240306,0.9259259270297157,50.296294828255974,0.0,0.0,0.0,45.0,42.0,45.0,1.0,5.0,0.16666666666666666,1.0,0.4444444527228673,14936.663053385417,5392.13818359375,38.94094231724739
scout_failure,multi_relation,bc_ppo,1,1,EA-RG-MAPPO-S,results/intercept_3d_node_failure_curriculum_pilot_seed0/runs/multi_relation/bc_ppo_seed1/actor_critic_best.pt,checkpoint,96001,1,5,straight,1.0,0.0,0,0.0,0,40,80,none,none,none,True,1.0,1.0,1.0,0.029629630512661403,0.4370370414521959,0.9259259270297157,50.296294828255974,0.0,0.0,0.0,45.0,42.0,45.0,1.0,5.0,0.16666666666666666,1.0,0.4444444527228673,14885.758745659723,5345.26806640625,39.13715064525604
scout_failure,multi_relation,bc_ppo,1,1,EA-RG-MAPPO-S,results/intercept_3d_node_failure_curriculum_pilot_seed0/runs/multi_relation/bc_ppo_seed1/actor_critic_best.pt,checkpoint,96002,2,5,straight,1.0,0.0,0,0.0,0,40,80,none,none,none,True,0.0,0.0,1.0,0.003846153960778163,0.10897436061730752,0.289743593449776,65.41410230512803,0.0,1.0,0.0,260.0,44.0,-1.0,0.0,220.0,0.0,0.18333333618938924,0.34166667647659776,37507.00874680739,79310.1015625,-27.979504480957985
scout_failure,multi_relation,bc_ppo,1,1,EA-RG-MAPPO-S,results/intercept_3d_node_failure_curriculum_pilot_seed0/runs/multi_relation/bc_ppo_seed1/actor_critic_best.pt,checkpoint,96003,3,5,straight,1.0,0.0,0,0.0,0,40,80,none,none,none,True,1.0,1.0,1.0,0.028985508110212242,0.44927536663801776,0.9130434795566227,49.28985363633736,0.0,0.0,0.0,46.0,43.0,46.0,1.0,6.0,0.14285714285714285,1.0,0.42857143708637785,14681.486253821331,4969.59228515625,40.0034364759922
scout_failure,multi_relation,bc_ppo,1,1,EA-RG-MAPPO-S,results/intercept_3d_node_failure_curriculum_pilot_seed0/runs/multi_relation/bc_ppo_seed1/actor_critic_best.pt,checkpoint,96004,4,5,straight,1.0,0.0,0,0.0,0,40,80,none,none,none,True,0.0,0.0,1.0,0.003846153960778163,0.10641025797678874,0.289743593449776,65.41410230512803,0.0,1.0,0.0,260.0,44.0,-1.0,0.0,220.0,0.0,0.17916666939854622,0.34166667647659776,37411.308208759016,79168.375,-28.110633302479982
relay_failure,multi_relation,bc_ppo,2,1,EA-RG-MAPPO-S,results/intercept_3d_node_failure_curriculum_pilot_seed0/runs/multi_relation/bc_ppo_seed2/actor_critic_best.pt,checkpoint,96000,0,5,straight,1.0,0.0,0,0.0,1,40,80,none,none,none,True,1.0,1.0,1.0,0.029629630512661403,0.4296296338240306,0.9259259270297157,56.07407243649165,0.0,0.0,0.0,45.0,42.0,45.0,1.0,5.0,0.16666666666666666,1.0,0.4444444527228673,14954.582747395832,5422.35986328125,38.64831507205963
relay_failure,multi_relation,bc_ppo,2,1,EA-RG-MAPPO-S,results/intercept_3d_node_failure_curriculum_pilot_seed0/runs/multi_relation/bc_ppo_seed2/actor_critic_best.pt,checkpoint,96001,1,5,straight,1.0,0.0,0,0.0,1,40,80,none,none,none,True,1.0,1.0,1.0,0.029629630512661403,0.4370370414521959,0.9259259270297157,56.07407243649165,0.0,0.0,0.0,45.0,42.0,45.0,1.0,5.0,0.16666666666666666,1.0,0.4444444527228673,14907.834700520832,5433.29833984375,38.80402401089668
relay_failure,multi_relation,bc_ppo,2,1,EA-RG-MAPPO-S,results/intercept_3d_node_failure_curriculum_pilot_seed0/runs/multi_relation/bc_ppo_seed2/actor_critic_best.pt,checkpoint,96002,2,5,straight,1.0,0.0,0,0.0,1,40,80,none,none,none,True,1.0,1.0,1.0,0.028985508110212242,0.44927536663801776,0.9130434795566227,54.94202738352444,0.0,0.0,0.0,46.0,43.0,46.0,1.0,6.0,0.14285714285714285,1.0,0.42857143708637785,14689.200556216032,5026.49658203125,39.69791421294212
relay_failure,multi_relation,bc_ppo,2,1,EA-RG-MAPPO-S,results/intercept_3d_node_failure_curriculum_pilot_seed0/runs/multi_relation/bc_ppo_seed2/actor_critic_best.pt,checkpoint,96003,3,5,straight,1.0,0.0,0,0.0,1,40,80,none,none,none,True,1.0,1.0,1.0,0.029629630512661403,0.4370370414521959,0.9259259270297157,56.07407243649165,0.0,0.0,0.0,45.0,42.0,45.0,1.0,5.0,0.16666666666666666,1.0,0.4444444527228673,14912.210796440972,5399.9482421875,38.91462165117264
relay_failure,multi_relation,bc_ppo,2,1,EA-RG-MAPPO-S,results/intercept_3d_node_failure_curriculum_pilot_seed0/runs/multi_relation/bc_ppo_seed2/actor_critic_best.pt,checkpoint,96004,4,5,straight,1.0,0.0,0,0.0,1,40,80,none,none,none,True,0.0,0.0,1.0,0.003846153960778163,0.10384615533626997,0.37179487622701207,42.166666705906394,0.0,1.0,0.0,260.0,44.0,-1.0,0.0,220.0,0.0,0.1708333358168602,0.34166667647659776,38255.741876690205,81059.0703125,-21.581773031502962
scout_failure,multi_relation,bc_ppo,2,1,EA-RG-MAPPO-S,results/intercept_3d_node_failure_curriculum_pilot_seed0/runs/multi_relation/bc_ppo_seed2/actor_critic_best.pt,checkpoint,96000,0,5,straight,1.0,0.0,0,0.0,0,40,80,none,none,none,True,1.0,1.0,1.0,0.029629630512661403,0.4296296338240306,0.9259259270297157,56.07407243649165,0.0,0.0,0.0,45.0,42.0,45.0,1.0,5.0,0.16666666666666666,1.0,0.4444444527228673,14954.512261284723,5420.69921875,38.64959716796875
scout_failure,multi_relation,bc_ppo,2,1,EA-RG-MAPPO-S,results/intercept_3d_node_failure_curriculum_pilot_seed0/runs/multi_relation/bc_ppo_seed2/actor_critic_best.pt,checkpoint,96001,1,5,straight,1.0,0.0,0,0.0,0,40,80,none,none,none,True,1.0,1.0,1.0,0.029629630512661403,0.4370370414521959,0.9259259270297157,56.07407243649165,0.0,0.0,0.0,45.0,42.0,45.0,1.0,5.0,0.16666666666666666,1.0,0.4444444527228673,14907.6203125,5430.146484375,38.80635729432106
scout_failure,multi_relation,bc_ppo,2,1,EA-RG-MAPPO-S,results/intercept_3d_node_failure_curriculum_pilot_seed0/runs/multi_relation/bc_ppo_seed2/actor_critic_best.pt,checkpoint,96002,2,5,straight,1.0,0.0,0,0.0,0,40,80,none,none,none,True,1.0,1.0,1.0,0.028985508110212242,0.44927536663801776,0.9130434795566227,54.94202738352444,0.0,0.0,0.0,46.0,43.0,46.0,1.0,6.0,0.14285714285714285,1.0,0.42857143708637785,14688.861338739809,5014.30322265625,39.707061260938644
scout_failure,multi_relation,bc_ppo,2,1,EA-RG-MAPPO-S,results/intercept_3d_node_failure_curriculum_pilot_seed0/runs/multi_relation/bc_ppo_seed2/actor_critic_best.pt,checkpoint,96003,3,5,straight,1.0,0.0,0,0.0,0,40,80,none,none,none,True,1.0,1.0,1.0,0.029629630512661403,0.4370370414521959,0.9259259270297157,56.07407243649165,0.0,0.0,0.0,45.0,42.0,45.0,1.0,5.0,0.16666666666666666,1.0,0.4444444527228673,14912.839876302083,5414.42041015625,38.90389949083328
scout_failure,multi_relation,bc_ppo,2,1,EA-RG-MAPPO-S,results/intercept_3d_node_failure_curriculum_pilot_seed0/runs/multi_relation/bc_ppo_seed2/actor_critic_best.pt,checkpoint,96004,4,5,straight,1.0,0.0,0,0.0,0,40,80,none,none,none,True,1.0,1.0,1.0,0.02836879517169709,0.4539007132357739,0.9007092213377039,53.87233885425202,0.0,0.0,0.0,47.0,44.0,47.0,1.0,7.0,0.125,1.0,0.4166666753590107,14532.631856715425,4752.248046875,40.31202590465546
