method,checkpoint,policy_source,seed,episode,episodes,target_policy,strict_target_sensing,agent_target_info_bottleneck,max_target_message_age_steps,min_target_confidence,communication_range_scale,communication_dropout_prob,message_delay_steps,radar_dropout_prob,failed_blue_agent,node_failure_start_step,node_failure_duration_steps,graph_relation_ablation,graph_message_ablation,graph_input_ablation,deterministic,success,chain_closed,attack_window_formed,attack_window_rate,tracking_rate,comm_connectivity,mean_message_age,collision,timeout,constraint_violation,steps,first_attack_window_step,first_chain_close_step,post_failure_chain_recovered,post_failure_chain_recovery_steps,post_failure_chain_recovery_steps_censored,post_failure_chain_recovered_only_steps,post_failure_chain_maintained,post_failure_chain_recovered_after_loss,post_failure_chain_unrecovered,post_failure_first_chain_step,chain_closed_during_failure_rate,tracking_during_failure_rate,connectivity_during_failure,avg_mean_range,final_mean_range,episode_min_blue_red_distance,episode_min_blue_blue_distance,final_min_blue_red_distance,final_min_blue_blue_distance,reward_sum
EA-RG-MAPPO-S,results/intercept_3d_gate1_hardened_safety_5seed_formal_candidate/runs/single/bc_ppo_seed1/actor_critic_update_0060.pt,checkpoint,403008,8,30,weaving_tiny,False,False,80,0.2,1.0,0.0,0,0.0,-1,0,0,none,none,none,True,0.0,0.0,0.0,0.0,0.25641026405187756,1.0,31.999999060997595,1.0,0.0,0.0,65.0,-1.0,-1.0,-1.0,-1.0,-1.0,-1.0,-1.0,-1.0,-1.0,-1.0,-1.0,-1.0,-1.0,15675.522145432693,13107.2734375,10269.673828125,59.040836334228516,10719.9052734375,59.040836334228516,23.686596900224686
EA-RG-MAPPO-S,results/intercept_3d_gate1_hardened_safety_5seed_formal_candidate/runs/single/bc_ppo_seed1/actor_critic_update_0060.pt,checkpoint,403000,0,30,weaving_tiny,False,False,80,0.2,1.0,0.0,0,0.0,-1,0,0,none,none,none,True,0.0,0.0,0.0,0.0,0.06282051469271,0.38333333765084926,64.08461564882444,0.0,1.0,0.0,260.0,-1.0,-1.0,-1.0,-1.0,-1.0,-1.0,-1.0,-1.0,-1.0,-1.0,-1.0,-1.0,-1.0,33899.69607121394,54736.83203125,9481.9609375,2594.664306640625,47258.30859375,2628.950439453125,-12.025826089084148
EA-RG-MAPPO-S,results/intercept_3d_gate1_hardened_safety_5seed_formal_candidate/runs/single/bc_ppo_seed1/actor_critic_update_0060.pt,checkpoint,403001,1,30,weaving_tiny,False,False,80,0.2,1.0,0.0,0,0.0,-1,0,0,none,none,none,True,0.0,0.0,0.0,0.0,0.05897436073193183,0.3769230813934253,65.80384590453826,0.0,1.0,0.0,260.0,-1.0,-1.0,-1.0,-1.0,-1.0,-1.0,-1.0,-1.0,-1.0,-1.0,-1.0,-1.0,-1.0,35342.781595552886,56480.13671875,10100.126953125,3179.451904296875,49124.1953125,3281.198486328125,-14.731907524168491
EA-RG-MAPPO-S,results/intercept_3d_gate1_hardened_safety_5seed_formal_candidate/runs/single/bc_ppo_seed1/actor_critic_update_0060.pt,checkpoint,403002,2,30,weaving_tiny,False,False,80,0.2,1.0,0.0,0,0.0,-1,0,0,none,none,none,True,0.0,0.0,0.0,0.0,0.07564102789530387,0.3564102596961535,67.12435874950427,0.0,1.0,0.0,260.0,-1.0,-1.0,-1.0,-1.0,-1.0,-1.0,-1.0,-1.0,-1.0,-1.0,-1.0,-1.0,-1.0,34508.69492563101,56582.32421875,9629.1123046875,3552.8955078125,52316.046875,8030.96923828125,-13.581844262778759
EA-RG-MAPPO-S,results/intercept_3d_gate1_hardened_safety_5seed_formal_candidate/runs/single/bc_ppo_seed1/actor_critic_update_0060.pt,checkpoint,403003,3,30,weaving_tiny,False,False,80,0.2,1.0,0.0,0,0.0,-1,0,0,none,none,none,True,0.0,0.0,0.0,0.0,0.06153846337245061,0.37307692708877416,65.26538467418689,0.0,1.0,0.0,260.0,-1.0,-1.0,-1.0,-1.0,-1.0,-1.0,-1.0,-1.0,-1.0,-1.0,-1.0,-1.0,-1.0,35121.262766676686,56690.13671875,10199.8837890625,3617.4140625,50777.515625,5182.0048828125,-14.46784195303917
EA-RG-MAPPO-S,results/intercept_3d_gate1_hardened_safety_5seed_formal_candidate/runs/single/bc_ppo_seed1/actor_critic_update_0060.pt,checkpoint,403004,4,30,weaving_tiny,False,False,80,0.2,1.0,0.0,0,0.0,-1,0,0,none,none,none,True,0.0,0.0,0.0,0.0,0.1564102610716453,0.3474358979326028,67.0153839681011,0.0,1.0,0.0,260.0,-1.0,-1.0,-1.0,-1.0,-1.0,-1.0,-1.0,-1.0,-1.0,-1.0,-1.0,-1.0,-1.0,31704.713961087742,57457.23828125,8856.728515625,818.453125,26133.615234375,40270.40234375,0.2443167082965374
EA-RG-MAPPO-S,results/intercept_3d_gate1_hardened_safety_5seed_formal_candidate/runs/single/bc_ppo_seed1/actor_critic_update_0060.pt,checkpoint,403005,5,30,weaving_tiny,False,False,80,0.2,1.0,0.0,0,0.0,-1,0,0,none,none,none,True,0.0,0.0,0.0,0.0,0.07179487393452572,0.36282051641207475,66.08333320629139,0.0,1.0,0.0,260.0,-1.0,-1.0,-1.0,-1.0,-1.0,-1.0,-1.0,-1.0,-1.0,-1.0,-1.0,-1.0,-1.0,34540.67077448918,56349.11328125,9626.0771484375,3542.39306640625,51645.88671875,7000.60791015625,-13.47958990931511
EA-RG-MAPPO-S,results/intercept_3d_gate1_hardened_safety_5seed_formal_candidate/runs/single/bc_ppo_seed1/actor_critic_update_0060.pt,checkpoint,403006,6,30,weaving_tiny,False,False,80,0.2,1.0,0.0,0,0.0,-1,0,0,none,none,none,True,0.0,0.0,0.0,0.0,0.11282051618282611,0.3538461539607782,67.44999976353003,0.0,1.0,0.0,260.0,-1.0,-1.0,-1.0,-1.0,-1.0,-1.0,-1.0,-1.0,-1.0,-1.0,-1.0,-1.0,-1.0,30693.454465895433,49697.57421875,8982.23046875,1087.88134765625,26278.236328125,23966.849609375,-0.43083435483276844
EA-RG-MAPPO-S,results/intercept_3d_gate1_hardened_safety_5seed_formal_candidate/runs/single/bc_ppo_seed1/actor_critic_update_0060.pt,checkpoint,403007,7,30,weaving_tiny,False,False,80,0.2,1.0,0.0,0,0.0,-1,0,0,none,none,none,True,0.0,0.0,0.0,0.0,0.05769230941167244,0.3705128247921283,66.09487199061192,0.0,1.0,0.0,260.0,-1.0,-1.0,-1.0,-1.0,-1.0,-1.0,-1.0,-1.0,-1.0,-1.0,-1.0,-1.0,-1.0,35456.92963115986,56707.38671875,10130.9658203125,3750.562255859375,49498.625,3957.77001953125,-15.433852940797806
EA-RG-MAPPO-S,results/intercept_3d_gate1_hardened_safety_5seed_formal_candidate/runs/single/bc_ppo_seed1/actor_critic_update_0060.pt,checkpoint,403009,9,30,weaving_tiny,False,False,80,0.2,1.0,0.0,0,0.0,-1,0,0,none,none,none,True,0.0,0.0,0.0,0.0,0.2858974444178434,0.29871794971135945,72.89871832556449,0.0,1.0,0.0,260.0,-1.0,-1.0,-1.0,-1.0,-1.0,-1.0,-1.0,-1.0,-1.0,-1.0,-1.0,-1.0,-1.0,31447.149241286057,58788.30859375,7521.1826171875,1299.5849609375,16862.140625,26452.880859375,16.303508331999183
EA-RG-MAPPO-S,results/intercept_3d_gate1_hardened_safety_5seed_formal_candidate/runs/single/bc_ppo_seed1/actor_critic_update_0060.pt,checkpoint,403010,10,30,weaving_tiny,False,False,80,0.2,1.0,0.0,0,0.0,-1,0,0,none,none,none,True,0.0,0.0,0.0,0.0,0.05769230941167244,0.37820513248443605,65.08846171463911,0.0,1.0,0.0,260.0,-1.0,-1.0,-1.0,-1.0,-1.0,-1.0,-1.0,-1.0,-1.0,-1.0,-1.0,-1.0,-1.0,35164.5863656851,56467.26953125,10314.0068359375,3631.918701171875,49959.94140625,3736.849853515625,-14.462649188935757
EA-RG-MAPPO-S,results/intercept_3d_gate1_hardened_safety_5seed_formal_candidate/runs/single/bc_ppo_seed1/actor_critic_update_0060.pt,checkpoint,403011,11,30,weaving_tiny,False,False,80,0.2,1.0,0.0,0,0.0,-1,0,0,none,none,none,True,0.0,0.0,0.0,0.0,0.06282051469271,0.369230773127996,65.36794823878087,0.0,1.0,0.0,260.0,-1.0,-1.0,-1.0,-1.0,-1.0,-1.0,-1.0,-1.0,-1.0,-1.0,-1.0,-1.0,-1.0,35034.90689978966,56679.16015625,10080.76171875,3435.5986328125,50700.453125,5460.56298828125,-14.445184603333473
EA-RG-MAPPO-S,results/intercept_3d_gate1_hardened_safety_5seed_formal_candidate/runs/single/bc_ppo_seed1/actor_critic_update_0060.pt,checkpoint,403012,12,30,weaving_tiny,False,False,80,0.2,1.0,0.0,0,0.0,-1,0,0,none,none,none,True,0.0,0.0,0.0,0.0,0.07564102789530387,0.30897436084655616,72.98333367579258,0.0,1.0,0.0,260.0,-1.0,-1.0,-1.0,-1.0,-1.0,-1.0,-1.0,-1.0,-1.0,-1.0,-1.0,-1.0,-1.0,35210.45626502404,60273.80859375,9239.84375,3275.697509765625,50261.98828125,15575.5458984375,-19.205121155828238
EA-RG-MAPPO-S,results/intercept_3d_gate1_hardened_safety_5seed_formal_candidate/runs/single/bc_ppo_seed1/actor_critic_update_0060.pt,checkpoint,403013,13,30,weaving_tiny,False,False,80,0.2,1.0,0.0,0,0.0,-1,0,0,none,none,none,True,0.0,0.0,0.0,0.0,0.08589743845737897,0.3487179515453485,68.10384591462521,0.0,1.0,0.0,260.0,-1.0,-1.0,-1.0,-1.0,-1.0,-1.0,-1.0,-1.0,-1.0,-1.0,-1.0,-1.0,-1.0,34084.23078801082,56095.68359375,9254.2109375,3930.8369140625,52569.3203125,9241.4326171875,-12.317658260464668
EA-RG-MAPPO-S,results/intercept_3d_gate1_hardened_safety_5seed_formal_candidate/runs/single/bc_ppo_seed1/actor_critic_update_0060.pt,checkpoint,403014,14,30,weaving_tiny,False,False,80,0.2,1.0,0.0,0,0.0,-1,0,0,none,none,none,True,0.0,0.0,0.0,0.0,0.06794871997374755,0.36282051652669906,66.07435857344132,0.0,1.0,0.0,260.0,-1.0,-1.0,-1.0,-1.0,-1.0,-1.0,-1.0,-1.0,-1.0,-1.0,-1.0,-1.0,-1.0,34985.066443810094,56975.61328125,9926.1005859375,3380.579345703125,52548.3515625,6269.93896484375,-14.47078550606966
EA-RG-MAPPO-S,results/intercept_3d_gate1_hardened_safety_5seed_formal_candidate/runs/single/bc_ppo_seed1/actor_critic_update_0060.pt,checkpoint,403015,15,30,weaving_tiny,False,False,80,0.2,1.0,0.0,0,0.0,-1,0,0,none,none,none,True,0.0,0.0,0.0,0.0,0.06794871997374755,0.35384615728488333,67.27820493269425,0.0,1.0,0.0,260.0,-1.0,-1.0,-1.0,-1.0,-1.0,-1.0,-1.0,-1.0,-1.0,-1.0,-1.0,-1.0,-1.0,35098.40196814904,57145.23828125,9963.5009765625,3420.50244140625,52550.3046875,7211.7255859375,-15.12022266536951
EA-RG-MAPPO-S,results/intercept_3d_gate1_hardened_safety_5seed_formal_candidate/runs/single/bc_ppo_seed1/actor_critic_update_0060.pt,checkpoint,403016,16,30,weaving_tiny,False,False,80,0.2,1.0,0.0,0,0.0,-1,0,0,none,none,none,True,0.0,0.0,0.0,0.0,0.07051282261426632,0.37307692697414985,65.06282055206023,0.0,1.0,0.0,260.0,-1.0,-1.0,-1.0,-1.0,-1.0,-1.0,-1.0,-1.0,-1.0,-1.0,-1.0,-1.0,-1.0,34358.02521409255,56190.01171875,9505.408203125,3540.65625,51789.98046875,5603.48388671875,-12.862003616988659
EA-RG-MAPPO-S,results/intercept_3d_gate1_hardened_safety_5seed_formal_candidate/runs/single/bc_ppo_seed1/actor_critic_update_0060.pt,checkpoint,403017,17,30,weaving_tiny,False,False,80,0.2,1.0,0.0,0,0.0,-1,0,0,none,none,none,True,0.0,0.0,0.0,0.0,0.08717948977763836,0.35512820803202116,67.47051281115183,0.0,1.0,0.0,260.0,-1.0,-1.0,-1.0,-1.0,-1.0,-1.0,-1.0,-1.0,-1.0,-1.0,-1.0,-1.0,-1.0,33602.81884765625,55738.43359375,8792.27734375,3847.668212890625,52729.46484375,9092.89453125,-11.48913686722517
EA-RG-MAPPO-S,results/intercept_3d_gate1_hardened_safety_5seed_formal_candidate/runs/single/bc_ppo_seed1/actor_critic_update_0060.pt,checkpoint,403018,18,30,weaving_tiny,False,False,80,0.2,1.0,0.0,0,0.0,-1,0,0,none,none,none,True,0.0,0.0,0.0,0.0,0.06538461733322877,0.3807692350103305,64.63974377570244,0.0,1.0,0.0,260.0,-1.0,-1.0,-1.0,-1.0,-1.0,-1.0,-1.0,-1.0,-1.0,-1.0,-1.0,-1.0,-1.0,34384.718772536056,55893.16796875,9643.001953125,3553.808349609375,50332.625,3682.172607421875,-12.87736538425088
EA-RG-MAPPO-S,results/intercept_3d_gate1_hardened_safety_5seed_formal_candidate/runs/single/bc_ppo_seed1/actor_critic_update_0060.pt,checkpoint,403019,19,30,weaving_tiny,False,False,80,0.2,1.0,0.0,0,0.0,-1,0,0,none,none,none,True,0.0,0.0,0.0,0.0,0.11538461882334489,0.3525641027551431,67.45512797110356,0.0,1.0,0.0,260.0,-1.0,-1.0,-1.0,-1.0,-1.0,-1.0,-1.0,-1.0,-1.0,-1.0,-1.0,-1.0,-1.0,29714.274365234374,48463.37890625,9141.84765625,1159.193603515625,26602.134765625,21151.263671875,0.8406557962298393
EA-RG-MAPPO-S,results/intercept_3d_gate1_hardened_safety_5seed_formal_candidate/runs/single/bc_ppo_seed1/actor_critic_update_0060.pt,checkpoint,403020,20,30,weaving_tiny,False,False,80,0.2,1.0,0.0,0,0.0,-1,0,0,none,none,none,True,0.0,0.0,0.0,0.0,0.06666666865348816,0.36666667048747725,65.68974313013828,0.0,1.0,0.0,260.0,-1.0,-1.0,-1.0,-1.0,-1.0,-1.0,-1.0,-1.0,-1.0,-1.0,-1.0,-1.0,-1.0,34737.717322716344,56566.65625,9844.4091796875,3371.140625,51675.80078125,5901.21728515625,-14.079514015465975
EA-RG-MAPPO-S,results/intercept_3d_gate1_hardened_safety_5seed_formal_candidate/runs/single/bc_ppo_seed1/actor_critic_update_0060.pt,checkpoint,403021,21,30,weaving_tiny,False,False,80,0.2,1.0,0.0,0,0.0,-1,0,0,none,none,none,True,0.0,0.0,0.0,0.0,0.11666667014360428,0.33205128254798744,69.48974335388495,0.0,1.0,0.0,260.0,-1.0,-1.0,-1.0,-1.0,-1.0,-1.0,-1.0,-1.0,-1.0,-1.0,-1.0,-1.0,-1.0,31838.48819486178,58200.35546875,8945.2255859375,191.45199584960938,35330.8125,33670.7734375,-7.709553672000766
EA-RG-MAPPO-S,results/intercept_3d_gate1_hardened_safety_5seed_formal_candidate/runs/single/bc_ppo_seed1/actor_critic_update_0060.pt,checkpoint,403022,22,30,weaving_tiny,False,False,80,0.2,1.0,0.0,0,0.0,-1,0,0,none,none,none,True,0.0,0.0,0.0,0.0,0.0730769252547851,0.37307692685952554,65.13076879072648,0.0,1.0,0.0,260.0,-1.0,-1.0,-1.0,-1.0,-1.0,-1.0,-1.0,-1.0,-1.0,-1.0,-1.0,-1.0,-1.0,33725.847795222355,55563.0625,9023.1669921875,3287.359375,50908.80859375,5874.83642578125,-12.075366631150246
EA-RG-MAPPO-S,results/intercept_3d_gate1_hardened_safety_5seed_formal_candidate/runs/single/bc_ppo_seed1/actor_critic_update_0060.pt,checkpoint,403023,23,30,weaving_tiny,False,False,80,0.2,1.0,0.0,0,0.0,-1,0,0,none,none,none,True,0.0,0.0,0.0,0.0,0.05769230941167244,0.37307692720339847,65.54743599536327,0.0,1.0,0.0,260.0,-1.0,-1.0,-1.0,-1.0,-1.0,-1.0,-1.0,-1.0,-1.0,-1.0,-1.0,-1.0,-1.0,35358.13837515024,56772.80078125,10367.6337890625,3627.4560546875,50398.22265625,4728.33349609375,-15.063053708523512
EA-RG-MAPPO-S,results/intercept_3d_gate1_hardened_safety_5seed_formal_candidate/runs/single/bc_ppo_seed1/actor_critic_update_0060.pt,checkpoint,403024,24,30,weaving_tiny,False,False,80,0.2,1.0,0.0,0,0.0,-1,0,0,none,none,none,True,0.0,0.0,0.0,0.0,0.27307693121524956,0.2871794884021466,74.51538374997102,0.0,1.0,0.0,260.0,-1.0,-1.0,-1.0,-1.0,-1.0,-1.0,-1.0,-1.0,-1.0,-1.0,-1.0,-1.0,-1.0,32790.61619966947,58035.26953125,5621.62109375,2120.481689453125,14449.7744140625,26072.484375,13.94350759126246
EA-RG-MAPPO-S,results/intercept_3d_gate1_hardened_safety_5seed_formal_candidate/runs/single/bc_ppo_seed1/actor_critic_update_0060.pt,checkpoint,403025,25,30,weaving_tiny,False,False,80,0.2,1.0,0.0,0,0.0,-1,0,0,none,none,none,True,0.0,0.0,0.0,0.0,0.07692307921556327,0.3589743622220479,66.87307664901019,0.0,1.0,0.0,260.0,-1.0,-1.0,-1.0,-1.0,-1.0,-1.0,-1.0,-1.0,-1.0,-1.0,-1.0,-1.0,-1.0,34166.50717022236,56363.65234375,9301.3525390625,3723.219970703125,52809.28515625,8327.123046875,-13.005511339753866
EA-RG-MAPPO-S,results/intercept_3d_gate1_hardened_safety_5seed_formal_candidate/runs/single/bc_ppo_seed1/actor_critic_update_0060.pt,checkpoint,403026,26,30,weaving_tiny,False,False,80,0.2,1.0,0.0,0,0.0,-1,0,0,none,none,none,True,0.0,0.0,0.0,0.0,0.1769230821957955,0.28974359058416804,75.05897348855551,0.0,1.0,0.0,260.0,-1.0,-1.0,-1.0,-1.0,-1.0,-1.0,-1.0,-1.0,-1.0,-1.0,-1.0,-1.0,-1.0,32484.99396033654,61066.86328125,8232.7890625,1873.78759765625,24778.857421875,27699.77734375,-3.2083039805293083
EA-RG-MAPPO-S,results/intercept_3d_gate1_hardened_safety_5seed_formal_candidate/runs/single/bc_ppo_seed1/actor_critic_update_0060.pt,checkpoint,403027,27,30,weaving_tiny,False,False,80,0.2,1.0,0.0,0,0.0,-1,0,0,none,none,none,True,0.0,0.0,0.0,0.0,0.0730769252547851,0.37307692685952554,65.39102516185778,0.0,1.0,0.0,260.0,-1.0,-1.0,-1.0,-1.0,-1.0,-1.0,-1.0,-1.0,-1.0,-1.0,-1.0,-1.0,-1.0,34116.64503455529,56172.31640625,9282.876953125,3511.597900390625,52284.140625,6082.51220703125,-12.56525133550167
EA-RG-MAPPO-S,results/intercept_3d_gate1_hardened_safety_5seed_formal_candidate/runs/single/bc_ppo_seed1/actor_critic_update_0060.pt,checkpoint,403028,28,30,weaving_tiny,False,False,80,0.2,1.0,0.0,0,0.0,-1,0,0,none,none,none,True,0.0,0.0,0.0,0.0,0.17179487691475795,0.3435897442010733,67.25897453759725,0.0,1.0,0.0,260.0,-1.0,-1.0,-1.0,-1.0,-1.0,-1.0,-1.0,-1.0,-1.0,-1.0,-1.0,-1.0,-1.0,30701.340106670672,55047.22265625,8587.716796875,654.1163940429688,24592.94140625,36354.9765625,4.201170822605491
EA-RG-MAPPO-S,results/intercept_3d_gate1_hardened_safety_5seed_formal_candidate/runs/single/bc_ppo_seed1/actor_critic_update_0060.pt,checkpoint,403029,29,30,weaving_tiny,False,False,80,0.2,1.0,0.0,0,0.0,-1,0,0,none,none,none,True,0.0,0.0,0.0,0.0,0.11538461882334489,0.32820512847258493,70.99743620810601,0.0,1.0,0.0,260.0,-1.0,-1.0,-1.0,-1.0,-1.0,-1.0,-1.0,-1.0,-1.0,-1.0,-1.0,-1.0,-1.0,32511.901648888223,54455.38671875,9692.40625,311.0628356933594,26775.75390625,23862.140625,-5.389826217666268
